type,trait,a,rep,fold,cor,bias
GRA,AGE,1,1,1,0.22279028575368556,0.7212104522072903
GRA,AGE,1,1,2,0.2563183567189921,0.9284176868510864
GRA,AGE,1,1,3,0.2115164033050305,0.7338637038520751
GRA,AGE,1,1,4,0.294003323975854,1.239709845538875
GRA,AGE,1,1,5,0.3579071236217139,1.4291054794060556
GRA,AGE,1,2,1,0.21367589861109984,0.8060537267328082
GRA,AGE,1,2,2,0.2902962979574349,1.1115869035500252
GRA,AGE,1,2,3,0.23756093472131057,0.7263759403799531
GRA,AGE,1,2,4,0.22052240810509707,0.8029963493605179
GRA,AGE,1,2,5,0.2925290726998937,1.235796525214186
GRA,AGE,1,3,1,0.23091510388163736,0.7404353402393777
GRA,AGE,1,3,2,0.29047265209499445,1.1517953854829888
GRA,AGE,1,3,3,0.2802542455349326,1.0939171746201242
GRA,AGE,1,3,4,0.31830981043816164,1.2125442059884557
GRA,AGE,1,3,5,0.2344260681301895,0.8459942405954124
GRA,AGE,1,4,1,0.24696658296351723,0.9936665239604772
GRA,AGE,1,4,2,0.2748318010248339,1.057076658606095
GRA,AGE,1,4,3,0.23763177304259636,0.7713775148323474
GRA,AGE,1,4,4,0.29404667798181894,1.0518373401517234
GRA,AGE,1,4,5,0.16419620835441728,0.6042251560322583
GRA,AGE,1,5,1,0.3036066186427149,1.0525290436601276
GRA,AGE,1,5,2,0.18796846707562667,0.7482914434194505
GRA,AGE,1,5,3,0.20047812204635584,0.6669445283886682
GRA,AGE,1,5,4,0.24137786694015936,0.9865451506996602
GRA,AGE,1,5,5,0.2913570932786407,1.0612067711657938
GRA,AGE,1,6,1,0.3037013503016573,1.0961775414760329
GRA,AGE,1,6,2,0.17940695771863674,0.7134256042084619
GRA,AGE,1,6,3,0.3402558987746867,1.4053748039770138
GRA,AGE,1,6,4,0.22646568928296637,0.7574102997979169
GRA,AGE,1,6,5,0.24697724860736175,0.8793297045442433
GRA,AGE,1,7,1,0.31764035496934545,1.4805340151548383
GRA,AGE,1,7,2,0.2159211306582602,0.7087189648903877
GRA,AGE,1,7,3,0.20399607808548564,0.6893005699122121
GRA,AGE,1,7,4,0.2489077723898738,0.8052768745810119
GRA,AGE,1,7,5,0.22719856720792164,0.9746264568876444
GRA,AGE,1,8,1,0.20939062436491007,0.7232531378127824
GRA,AGE,1,8,2,0.23385682857279672,0.8755479559256341
GRA,AGE,1,8,3,0.30193853724599506,1.2135116519748237
GRA,AGE,1,8,4,0.2095289219780995,0.6828088995213951
GRA,AGE,1,8,5,0.33417026447791753,1.5392097793788786
GRA,AGE,1,9,1,0.2722043206267192,1.016967569518254
GRA,AGE,1,9,2,0.32259130265660424,1.3209565932734428
GRA,AGE,1,9,3,0.2962739768741078,0.9520657305383838
GRA,AGE,1,9,4,0.15257778731816046,0.6152099811523886
GRA,AGE,1,9,5,0.2697916083064899,1.0561616063475292
GRA,AGE,1,10,1,0.2697581725391874,1.0107729306908086
GRA,AGE,1,10,2,0.2661003855199937,0.9681709300076988
GRA,AGE,1,10,3,0.16804809251822875,0.5575910744498138
GRA,AGE,1,10,4,0.25476793376712475,0.95599307195736
GRA,AGE,1,10,5,0.2577957057733516,1.097644992067126
GRA,BF,0,1,1,0.33306362220838925,1.0151289280523532
GRA,BF,0,1,2,0.3044652094634606,0.889831751599714
GRA,BF,0,1,3,0.3038085707268672,0.8937264348921226
GRA,BF,0,1,4,0.3828057499607103,1.2572084797495575
GRA,BF,0,1,5,0.294964168119376,0.8964843956871752
GRA,BF,0,2,1,0.3116169424331722,0.9197238046493312
GRA,BF,0,2,2,0.33395129585040473,1.067650135676424
GRA,BF,0,2,3,0.28616733836678404,0.6819410322775467
GRA,BF,0,2,4,0.37785075366650805,1.252611449483224
GRA,BF,0,2,5,0.3901400248355501,1.2849785530962567
GRA,BF,0,3,1,0.3073561024548725,0.8996688893452494
GRA,BF,0,3,2,0.29749955732466477,0.8687914331602803
GRA,BF,0,3,3,0.4177659422764925,1.5083922921369353
GRA,BF,0,3,4,0.29843029163150064,0.8340926166989582
GRA,BF,0,3,5,0.33000891999981263,1.0303687261179073
GRA,BF,0,4,1,0.2816268899625034,0.8135775747969353
GRA,BF,0,4,2,0.3723710536441766,1.2285141242984197
GRA,BF,0,4,3,0.29692650544478777,0.8708570084245273
GRA,BF,0,4,4,0.39525033949715666,1.3546618960321677
GRA,BF,0,4,5,0.30312421099457404,0.841089848170502
GRA,BF,0,5,1,0.328260180413542,0.9966514480978476
GRA,BF,0,5,2,0.2793682856264528,0.7598205289052017
GRA,BF,0,5,3,0.32628359044036676,1.0002363397297025
GRA,BF,0,5,4,0.37517959378228993,1.211087298934733
GRA,BF,0,5,5,0.3212225471389083,0.8991177483340935
GRA,BF,0,6,1,0.38087441845771464,1.2297809924945426
GRA,BF,0,6,2,0.36620748317533847,1.250833061971597
GRA,BF,0,6,3,0.30657639057474306,0.8306192147138086
GRA,BF,0,6,4,0.34169980858406696,1.027941364851817
GRA,BF,0,6,5,0.250151323390959,0.719482622686984
GRA,BF,0,7,1,0.34126767894654475,1.043640613955802
GRA,BF,0,7,2,0.32715312835525573,1.0571256484447278
GRA,BF,0,7,3,0.31170706703542855,0.928866367902107
GRA,BF,0,7,4,0.2601214484636736,0.7008755968786933
GRA,BF,0,7,5,0.3165963607299973,0.92108272085557
GRA,BF,0,8,1,0.29951779998158895,0.8055191881958745
GRA,BF,0,8,2,0.30221845626771043,0.9377358011275811
GRA,BF,0,8,3,0.29548015249541515,0.9578906985608936
GRA,BF,0,8,4,0.3037319266681865,0.8890228738632463
GRA,BF,0,8,5,0.36002170862665067,1.1280350599987048
GRA,BF,0,9,1,0.3020129085399047,0.8039873794985861
GRA,BF,0,9,2,0.26945288798477396,0.7939433549710494
GRA,BF,0,9,3,0.3112722839753938,0.905233063887773
GRA,BF,0,9,4,0.3248408972725113,1.0881422814627566
GRA,BF,0,9,5,0.3990286955856048,1.4078034587172306
GRA,BF,0,10,1,0.3376414005399689,1.063382397635891
GRA,BF,0,10,2,0.2422414604290441,0.7318832057943183
GRA,BF,0,10,3,0.38928376733457265,1.2242657212914418
GRA,BF,0,10,4,0.2571181063684888,0.6466946969172986
GRA,BF,0,10,5,0.3637245336289284,1.1578323103293195
GRA,TNB,1,1,1,0.06306053458789417,0.3887602603272078
GRA,TNB,1,1,2,0.19026945013663588,1.5194244796986869
GRA,TNB,1,1,3,0.08505693959001402,0.4708802120036353
GRA,TNB,1,1,4,0.10389766278693034,0.6297034759068435
GRA,TNB,1,1,5,0.2318164119354432,2.1305340844224276
GRA,TNB,1,2,1,0.10087230034567232,0.6755168076325125
GRA,TNB,1,2,2,0.1707740614041102,1.096357058358914
GRA,TNB,1,2,3,0.2174967571224643,1.7069755436047325
GRA,TNB,1,2,4,0.03885472627787277,0.23428849710564809
GRA,TNB,1,2,5,0.2633725771253636,2.4442215008547294
GRA,TNB,1,3,1,0.20681671244543115,2.0109776983005987
GRA,TNB,1,3,2,0.00603172307677475,0.02964738147965425
GRA,TNB,1,3,3,0.14338103603003385,1.0756319104227958
GRA,TNB,1,3,4,0.12874443381160283,0.7788220569298736
GRA,TNB,1,3,5,0.226540130410809,2.046173028674924
GRA,TNB,1,4,1,0.10474172079700211,0.6541110536811328
GRA,TNB,1,4,2,0.08348632236733436,0.4773352945487376
GRA,TNB,1,4,3,0.09554977295900335,0.6105809460486027
GRA,TNB,1,4,4,0.22851972577719265,2.163498702185293
GRA,TNB,1,4,5,0.2042204859553221,1.67030840581453
GRA,TNB,1,5,1,0.13271647921649918,1.0128202978241176
GRA,TNB,1,5,2,0.1600274324363224,1.070288962655355
GRA,TNB,1,5,3,0.1903893999514729,1.2757902412356945
GRA,TNB,1,5,4,0.10693119660979115,0.6853068914464474
GRA,TNB,1,5,5,0.11858489685380393,0.8186235128932103
GRA,TNB,1,6,1,0.11486058574434783,0.7013695614822126
GRA,TNB,1,6,2,0.10697512790683966,0.7253760287815497
GRA,TNB,1,6,3,0.10838495610751044,0.698200946862606
GRA,TNB,1,6,4,0.15949526465565989,1.316676566496742
GRA,TNB,1,6,5,0.08452775982350895,0.51906383098658
GRA,TNB,1,7,1,0.11277673644485536,0.7919193880622483
GRA,TNB,1,7,2,0.13989741144563755,0.9174006406598044
GRA,TNB,1,7,3,0.16111637403288706,1.096501257568246
GRA,TNB,1,7,4,0.09283718017116324,0.554596532900684
GRA,TNB,1,7,5,0.09530043024736494,0.7046477762698172
GRA,TNB,1,8,1,0.09290352003563308,0.5014005563470029
GRA,TNB,1,8,2,0.2028696321522853,1.6429308721328972
GRA,TNB,1,8,3,0.09820337846792902,0.6743461348560456
GRA,TNB,1,8,4,0.17231539010729607,1.3446271973566628
GRA,TNB,1,8,5,0.1874107279047143,1.5206888267882894
GRA,TNB,1,9,1,0.09877878161564152,0.5127754161536814
GRA,TNB,1,9,2,0.24250408538664445,2.1124661363531176
GRA,TNB,1,9,3,0.204995561820279,2.2840778647645417
GRA,TNB,1,9,4,0.07720957001452232,0.4420022264977904
GRA,TNB,1,9,5,0.1462402891501611,0.93804074946196625
GRA,TNB,1,10,1,0.1750092578752496,1.3342580236090411
GRA,TNB,1,10,2,0.0917627993129549,0.582855276312613
GRA,TNB,1,10,3,0.14538406311294674,1.007666989081785
GRA,TNB,1,10,4,0.16720222576588792,1.1562390594047929
GRA,TNB,1,10,5,0.1133744972162254,0.7622584571038127
GRAD,AGE,0,1,1,0.19759718263298404,0.6019505703485155
GRAD,AGE,0,1,2,0.2821136938789079,0.9916173809810476
GRAD,AGE,0,1,3,0.2187995526192748,0.7526148894791653
GRAD,AGE,0,1,4,0.3157318588188846,1.2999856558190348
GRAD,AGE,0,1,5,0.33367432015212284,1.158043431856625
GRAD,AGE,0,2,1,0.21531996622472915,0.7599190797517169
GRAD,AGE,0,2,2,0.2512171745962568,0.8936664010464008
GRAD,AGE,0,2,3,0.2528140079941342,0.7770942342379967
GRAD,AGE,0,2,4,0.24667526452292304,0.8480749799746038
GRAD,AGE,0,2,5,0.3110764821341628,1.2241022509809882
GRAD,AGE,0,3,1,0.2494089074652731,0.7475394068583143
GRAD,AGE,0,3,2,0.30895822635345244,1.218339596009379
GRAD,AGE,0,3,3,0.29330694758208625,1.0727360246054325
GRAD,AGE,0,3,4,0.3050027415746477,1.1178685095459442
GRAD,AGE,0,3,5,0.25161338412448075,0.9112569581291544
GRAD,AGE,0,4,1,0.2645727925700328,1.0568075607487704
GRAD,AGE,0,4,2,0.2963463830747393,1.1065728468305118
GRAD,AGE,0,4,3,0.23433101683067403,0.7585097883423456
GRAD,AGE,0,4,4,0.2903364959517842,0.9989849353873104
GRAD,AGE,0,4,5,0.1747047765146643,0.5923148169416197
GRAD,AGE,0,5,1,0.3259392040720256,1.1321865304471426
GRAD,AGE,0,5,2,0.21560147910211813,0.8608781970375579
GRAD,AGE,0,5,3,0.1786227739482477,0.5474221008679783
GRAD,AGE,0,5,4,0.2579124498022812,1.0435000721731609
GRAD,AGE,0,5,5,0.3010433054719349,1.0116064847386184
GRAD,AGE,0,6,1,0.3140126240296762,1.100962622060626
GRAD,AGE,0,6,2,0.20598526101681175,0.8323256652462877
GRAD,AGE,0,6,3,0.35840214081270744,1.393807051514134
GRAD,AGE,0,6,4,0.23464919018257652,0.7988252931091404
GRAD,AGE,0,6,5,0.2485758486756885,0.835258927145764
GRAD,AGE,0,7,1,0.3461230790829895,1.5407561296322447
GRAD,AGE,0,7,2,0.2285376163491657,0.7217844163888807
GRAD,AGE,0,7,3,0.23537825350444017,0.7700652513348456
GRAD,AGE,0,7,4,0.2711829366111206,0.8876829483060658
GRAD,AGE,0,7,5,0.21230737271528397,0.8572008016143053
GRAD,AGE,0,8,1,0.22499077700474016,0.7639393501633933
GRAD,AGE,0,8,2,0.25991924498044283,0.9193876989656536
GRAD,AGE,0,8,3,0.3250128129329106,1.301810384505599
GRAD,AGE,0,8,4,0.24469048866693835,0.7957414740130286
GRAD,AGE,0,8,5,0.3213231557609697,1.3537684702757649
GRAD,AGE,0,9,1,0.2797678607750751,1.0244477253024993
GRAD,AGE,0,9,2,0.35604591417792175,1.4368223528576798
GRAD,AGE,0,9,3,0.3071859662247359,0.9186153905853908
GRAD,AGE,0,9,4,0.17431619698527334,0.6903733387422311
GRAD,AGE,0,9,5,0.2816701036139204,1.0030431361793577
GRAD,AGE,0,10,1,0.2828280092039164,1.0132951640533834
GRAD,AGE,0,10,2,0.22698426782407569,0.7875704688703739
GRAD,AGE,0,10,3,0.1882421251979732,0.5819753364400215
GRAD,AGE,0,10,4,0.28379784624472615,1.0181893649036795
GRAD,AGE,0,10,5,0.2852158310679526,1.222193220593907
GRAD,BF,1,1,1,0.3407847353463965,1.055113327108692
GRAD,BF,1,1,2,0.29895412518616693,0.8577852299251462
GRAD,BF,1,1,3,0.3136213851037914,0.94844337257053
GRAD,BF,1,1,4,0.3959249731723437,1.3510125184598147
GRAD,BF,1,1,5,0.2911348715748457,0.901148155588614
GRAD,BF,1,2,1,0.3205218585999554,0.9705124511225024
GRAD,BF,1,2,2,0.33002832377590113,1.093170296851517
GRAD,BF,1,2,3,0.29127274227427696,0.7051405853898376
GRAD,BF,1,2,4,0.3769858609737365,1.274952982772425
GRAD,BF,1,2,5,0.3857569345452511,1.2491044108554794
GRAD,BF,1,3,1,0.3139950147878336,0.9324446094311426
GRAD,BF,1,3,2,0.2799782106891858,0.8261781531040253
GRAD,BF,1,3,3,0.4108743165877595,1.4836273932484407
GRAD,BF,1,3,4,0.3076648119820465,0.8939703250014067
GRAD,BF,1,3,5,0.3292678178073863,1.03634917416982
GRAD,BF,1,4,1,0.2911823225083333,0.8259519336500728
GRAD,BF,1,4,2,0.3626184564326987,1.1890762683626814
GRAD,BF,1,4,3,0.29989721032779326,0.9141733892124206
GRAD,BF,1,4,4,0.4021212010914157,1.4150132003387097
GRAD,BF,1,4,5,0.29765530448428507,0.8402509910849688
GRAD,BF,1,5,1,0.33397975100269645,1.0381946724688478
GRAD,BF,1,5,2,0.2712424656610485,0.747629289022691
GRAD,BF,1,5,3,0.3253708624489431,1.0064140638329828
GRAD,BF,1,5,4,0.3656252993067284,1.1811370004881874
GRAD,BF,1,5,5,0.32078708057958977,0.9108881876205152
GRAD,BF,1,6,1,0.3696341895523242,1.1951932370432137
GRAD,BF,1,6,2,0.36899129901402433,1.2925713575609117
GRAD,BF,1,6,3,0.3148996503011543,0.8701204070923609
GRAD,BF,1,6,4,0.34728283971055807,1.0506305055753409
GRAD,BF,1,6,5,0.2401920561966839,0.6927841248289986
GRAD,BF,1,7,1,0.3485203440071277,1.1180795744832217
GRAD,BF,1,7,2,0.33316426006721206,1.0951999304488749
GRAD,BF,1,7,3,0.3089504421989227,0.9355137213550284
GRAD,BF,1,7,4,0.26026269288037635,0.7052961998761911
GRAD,BF,1,7,5,0.30671182273917275,0.8959655361534591
GRAD,BF,1,8,1,0.29269291423739535,0.7904409445817839
GRAD,BF,1,8,2,0.2939232503062063,0.8989749598032998
GRAD,BF,1,8,3,0.3085343686218218,1.0288689537766862
GRAD,BF,1,8,4,0.29920741960732977,0.8887913096410979
GRAD,BF,1,8,5,0.35860229186805576,1.1578186426934325
GRAD,BF,1,9,1,0.3070834280137265,0.8179684699695516
GRAD,BF,1,9,2,0.2623640998802385,0.7654222845227765
GRAD,BF,1,9,3,0.3153318368203413,0.9259549186846284
GRAD,BF,1,9,4,0.32113099601563805,1.096907703459243
GRAD,BF,1,9,5,0.398867636557779,1.4288126241146475
GRAD,BF,1,10,1,0.33295681081317907,1.050614203215543
GRAD,BF,1,10,2,0.24296842181360612,0.7347786302452766
GRAD,BF,1,10,3,0.3935275134191395,1.2687967562033462
GRAD,BF,1,10,4,0.2640136591325853,0.6848328072989462
GRAD,BF,1,10,5,0.3734139843902517,1.2175007654855396
GRAD,TNB,0,1,1,0.05392710257306039,0.2906895792470282
GRAD,TNB,0,1,2,0.20161177829527857,1.4357366171336172
GRAD,TNB,0,1,3,0.10327347913826064,0.5561056527801341
GRAD,TNB,0,1,4,0.09160458868245216,0.4891560337131145
GRAD,TNB,0,1,5,0.25402640647220404,2.149854868190767
GRAD,TNB,0,2,1,0.06492375078205913,0.3037837863762094
GRAD,TNB,0,2,2,0.19015550033046325,1.2745039600151238
GRAD,TNB,0,2,3,0.24065859109196025,1.840669077936525
GRAD,TNB,0,2,4,-7.184307741862492e-4,-0.00347737145813122
GRAD,TNB,0,2,5,0.2815825004039588,2.464203336282341
GRAD,TNB,0,3,1,0.2528333007413969,2.552444369725591
GRAD,TNB,0,3,2,0.03849703935007733,0.19250131584043673
GRAD,TNB,0,3,3,0.11896375778928052,0.6985142931694596
GRAD,TNB,0,3,4,0.1311040622249391,0.7119591742289708
GRAD,TNB,0,3,5,0.22347712396900135,1.6539332202646344
GRAD,TNB,0,4,1,0.0337112571035309,0.17093679493918504
GRAD,TNB,0,4,2,0.11523321548737002,0.6564181032323465
GRAD,TNB,0,4,3,0.11281824117326598,0.665420434935357
GRAD,TNB,0,4,4,0.2535075563971569,2.3774682745353055
GRAD,TNB,0,4,5,0.19777120111321955,1.3374825055239823
GRAD,TNB,0,5,1,0.1829001848289952,1.3346811443260431
GRAD,TNB,0,5,2,0.1845844530188516,1.1954169887139563
GRAD,TNB,0,5,3,0.1670054907749303,1.00230344607506
GRAD,TNB,0,5,4,0.07669532771562201,0.43797425812428104
GRAD,TNB,0,5,5,0.1160295066082153,0.766219511174638
GRAD,TNB,0,6,1,0.14237617571197947,0.9420533872834256
GRAD,TNB,0,6,2,0.09013049172016428,0.454011084738234
GRAD,TNB,0,6,3,0.1407838984185365,0.9114976881056508
GRAD,TNB,0,6,4,0.14764303908291704,0.9255351714682198
GRAD,TNB,0,6,5,0.10355802602664758,0.6334777580628027
GRAD,TNB,0,7,1,0.1300548856796429,0.8922167753960126
GRAD,TNB,0,7,2,0.14529534294823782,0.876177173534538
GRAD,TNB,0,7,3,0.16542799807151465,0.9609228193032592
GRAD,TNB,0,7,4,0.07926931586601435,0.41499446416207314
GRAD,TNB,0,7,5,0.12123536163962297,0.8732736227272853
GRAD,TNB,0,8,1,0.12284867927973722,0.7037361115739779
GRAD,TNB,0,8,2,0.2259038586599769,1.7292089640888673
GRAD,TNB,0,8,3,0.10934701445370476,0.6306347917759051
GRAD,TNB,0,8,4,0.20224971185828372,1.506603508315113
GRAD,TNB,0,8,5,0.21429108343468065,1.5507132797747394
GRAD,TNB,0,9,1,0.10900026679672928,0.5813997554382428
GRAD,TNB,0,9,2,0.26003645858260604,2.082702247784402
GRAD,TNB,0,9,3,0.17342887117428374,1.3064371824105392
GRAD,TNB,0,9,4,0.08845188174268677,0.46745828528649025
GRAD,TNB,0,9,5,0.1805457319777911,1.1416049449919103
GRAD,TNB,0,10,1,0.21050618779820424,1.6304420736708851
GRAD,TNB,0,10,2,0.12480341677020486,0.7647626453146026
GRAD,TNB,0,10,3,0.16602931254372702,0.9621847935605584
GRAD,TNB,0,10,4,0.17618477825458218,1.15444477325334
GRAD,TNB,0,10,5,0.09329638104277928,0.5493509875658369
mssBLUP,AGE,0.2,1,1,0.2265375021221963,0.7834983434666701
mssBLUP,AGE,0.2,1,2,0.2503394466309528,0.9650740789724308
mssBLUP,AGE,0.2,1,3,0.21039908003496172,0.7901484838260694
mssBLUP,AGE,0.2,1,4,0.2821147190957266,1.2717173069670276
mssBLUP,AGE,0.2,1,5,0.3409561920198754,1.4458275516989012
mssBLUP,AGE,0.2,2,1,0.19608615663165355,0.7724611655842648
mssBLUP,AGE,0.2,2,2,0.2811868736739024,1.1465431071588568
mssBLUP,AGE,0.2,2,3,0.22954565295160617,0.7438840318137743
mssBLUP,AGE,0.2,2,4,0.21694075722695516,0.8460500632960208
mssBLUP,AGE,0.2,2,5,0.28627636683971236,1.271326208576351
mssBLUP,AGE,0.2,3,1,0.21466576093385684,0.723527334075203
mssBLUP,AGE,0.2,3,2,0.2773731064850027,1.1499154931942688
mssBLUP,AGE,0.2,3,3,0.2813605107129084,1.1807567140623183
mssBLUP,AGE,0.2,3,4,0.30864392983422434,1.2848288868657154
mssBLUP,AGE,0.2,3,5,0.2374293438775328,0.9461727280400164
mssBLUP,AGE,0.2,4,1,0.24026050940840615,1.015614377477814
mssBLUP,AGE,0.2,4,2,0.26895041476450715,1.1197765433711298
mssBLUP,AGE,0.2,4,3,0.2141431135767039,0.7368946617770042
mssBLUP,AGE,0.2,4,4,0.2882870607187981,1.1170179073261983
mssBLUP,AGE,0.2,4,5,0.15498288463782411,0.5979847572841639
mssBLUP,AGE,0.2,5,1,0.2975812582759247,1.1082256968432418
mssBLUP,AGE,0.2,5,2,0.18210509635569724,0.7736292732609303
mssBLUP,AGE,0.2,5,3,0.19191532795782548,0.660966119565115
mssBLUP,AGE,0.2,5,4,0.23736005455516643,1.0509435861279297
mssBLUP,AGE,0.2,5,5,0.28545586533970846,1.119771558615434
mssBLUP,AGE,0.2,6,1,0.29778438129457263,1.172986378623288
mssBLUP,AGE,0.2,6,2,0.1838092149403912,0.7820075602105834
mssBLUP,AGE,0.2,6,3,0.3332118011810647,1.476238598802644
mssBLUP,AGE,0.2,6,4,0.22030740074124636,0.7723199984478833
mssBLUP,AGE,0.2,6,5,0.2372958124184862,0.9053681119983172
mssBLUP,AGE,0.2,7,1,0.3053202235341007,1.563123811391108
mssBLUP,AGE,0.2,7,2,0.2041932609230169,0.7105933288519555
mssBLUP,AGE,0.2,7,3,0.19796045771506152,0.7057947820931738
mssBLUP,AGE,0.2,7,4,0.2517215432371374,0.8721901695314508
mssBLUP,AGE,0.2,7,5,0.22474743693637217,1.033956724984585
mssBLUP,AGE,0.2,8,1,0.20410874218404113,0.7317209332523088
mssBLUP,AGE,0.2,8,2,0.23087217647482036,0.931453484731878
mssBLUP,AGE,0.2,8,3,0.28824773824308664,1.2430316152041485
mssBLUP,AGE,0.2,8,4,0.20093255944016652,0.6889885859268162
mssBLUP,AGE,0.2,8,5,0.31363159699723986,1.5294886766076214
mssBLUP,AGE,0.2,9,1,0.27182069190346186,1.0886087025133409
mssBLUP,AGE,0.2,9,2,0.31469666001803204,1.3674018007546151
mssBLUP,AGE,0.2,9,3,0.29038977255065634,1.0197321074611445
mssBLUP,AGE,0.2,9,4,0.1401848464399238,0.5889530028920881
mssBLUP,AGE,0.2,9,5,0.27228829580614416,1.1451860452179703
mssBLUP,AGE,0.2,10,1,0.2586495081880679,1.0383344189899368
mssBLUP,AGE,0.2,10,2,0.24986848301107908,0.9547779114601028
mssBLUP,AGE,0.2,10,3,0.15926077134735234,0.5569764276309507
mssBLUP,AGE,0.2,10,4,0.2562367271475772,1.0195503234708652
mssBLUP,AGE,0.2,10,5,0.25768306787019724,1.204302089710081
mssBLUP,BF,0,1,1,0.33306362220838925,1.0151289280523532
mssBLUP,BF,0,1,2,0.3044652094634606,0.889831751599714
mssBLUP,BF,0,1,3,0.3038085707268672,0.8937264348921226
mssBLUP,BF,0,1,4,0.3828057499607103,1.2572084797495575
mssBLUP,BF,0,1,5,0.294964168119376,0.8964843956871752
mssBLUP,BF,0,2,1,0.3116169424331722,0.9197238046493312
mssBLUP,BF,0,2,2,0.33395129585040473,1.067650135676424
mssBLUP,BF,0,2,3,0.28616733836678404,0.6819410322775467
mssBLUP,BF,0,2,4,0.37785075366650805,1.252611449483224
mssBLUP,BF,0,2,5,0.3901400248355501,1.2849785530962567
mssBLUP,BF,0,3,1,0.3073561024548725,0.8996688893452494
mssBLUP,BF,0,3,2,0.29749955732466477,0.8687914331602803
mssBLUP,BF,0,3,3,0.4177659422764925,1.5083922921369353
mssBLUP,BF,0,3,4,0.29843029163150064,0.8340926166989582
mssBLUP,BF,0,3,5,0.33000891999981263,1.0303687261179073
mssBLUP,BF,0,4,1,0.2816268899625034,0.8135775747969353
mssBLUP,BF,0,4,2,0.3723710536441766,1.2285141242984197
mssBLUP,BF,0,4,3,0.29692650544478777,0.8708570084245273
mssBLUP,BF,0,4,4,0.39525033949715666,1.3546618960321677
mssBLUP,BF,0,4,5,0.30312421099457404,0.841089848170502
mssBLUP,BF,0,5,1,0.328260180413542,0.9966514480978476
mssBLUP,BF,0,5,2,0.2793682856264528,0.7598205289052017
mssBLUP,BF,0,5,3,0.32628359044036676,1.0002363397297025
mssBLUP,BF,0,5,4,0.37517959378228993,1.211087298934733
mssBLUP,BF,0,5,5,0.3212225471389083,0.8991177483340935
mssBLUP,BF,0,6,1,0.38087441845771464,1.2297809924945426
mssBLUP,BF,0,6,2,0.36620748317533847,1.250833061971597
mssBLUP,BF,0,6,3,0.30657639057474306,0.8306192147138086
mssBLUP,BF,0,6,4,0.34169980858406696,1.027941364851817
mssBLUP,BF,0,6,5,0.250151323390959,0.719482622686984
mssBLUP,BF,0,7,1,0.34126767894654475,1.043640613955802
mssBLUP,BF,0,7,2,0.32715312835525573,1.0571256484447278
mssBLUP,BF,0,7,3,0.31170706703542855,0.928866367902107
mssBLUP,BF,0,7,4,0.2601214484636736,0.7008755968786933
mssBLUP,BF,0,7,5,0.3165963607299973,0.92108272085557
mssBLUP,BF,0,8,1,0.29951779998158895,0.8055191881958745
mssBLUP,BF,0,8,2,0.30221845626771043,0.9377358011275811
mssBLUP,BF,0,8,3,0.29548015249541515,0.9578906985608936
mssBLUP,BF,0,8,4,0.3037319266681865,0.8890228738632463
mssBLUP,BF,0,8,5,0.36002170862665067,1.1280350599987048
mssBLUP,BF,0,9,1,0.3020129085399047,0.8039873794985861
mssBLUP,BF,0,9,2,0.26945288798477396,0.7939433549710494
mssBLUP,BF,0,9,3,0.3112722839753938,0.905233063887773
mssBLUP,BF,0,9,4,0.3248408972725113,1.0881422814627566
mssBLUP,BF,0,9,5,0.3990286955856048,1.4078034587172306
mssBLUP,BF,0,10,1,0.3376414005399689,1.063382397635891
mssBLUP,BF,0,10,2,0.2422414604290441,0.7318832057943183
mssBLUP,BF,0,10,3,0.38928376733457265,1.2242657212914418
mssBLUP,BF,0,10,4,0.2571181063684888,0.6466946969172986
mssBLUP,BF,0,10,5,0.3637245336289284,1.1578323103293195
mssBLUP,TNB,0.1,1,1,0.04692501136407819,0.3068006707062077
mssBLUP,TNB,0.1,1,2,0.16712789096401792,1.5008518202199332
mssBLUP,TNB,0.1,1,3,0.09182172675117606,0.5545306305168466
mssBLUP,TNB,0.1,1,4,0.0864604918173934,0.5562316949822608
mssBLUP,TNB,0.1,1,5,0.22140292848033732,2.347230059482197
mssBLUP,TNB,0.1,2,1,0.09165310015791872,0.6604118362929733
mssBLUP,TNB,0.1,2,2,0.1589460127663018,1.1582826147748355
mssBLUP,TNB,0.1,2,3,0.2230266633385672,2.042227547947061
mssBLUP,TNB,0.1,2,4,0.02512252897892008,0.15947868423572503
mssBLUP,TNB,0.1,2,5,0.2672876964636348,2.9338745391127325
mssBLUP,TNB,0.1,3,1,0.18998662653304968,2.040779778644181
mssBLUP,TNB,0.1,3,2,0.01376575977822678,0.07511177302878966
mssBLUP,TNB,0.1,3,3,0.13642536041020617,1.1432167915176343
mssBLUP,TNB,0.1,3,4,0.09860640754945652,0.64331234913127755
mssBLUP,TNB,0.1,3,5,0.22455949889544136,2.266278986085717
mssBLUP,TNB,0.1,4,1,0.08545248832118366,0.5805500889324201
mssBLUP,TNB,0.1,4,2,0.07547204682780025,0.44454378126542415
mssBLUP,TNB,0.1,4,3,0.08685918068040024,0.6299252581972061
mssBLUP,TNB,0.1,4,4,0.22665853335813232,2.6091017168980457
mssBLUP,TNB,0.1,4,5,0.17992132928185606,1.6135614585708509
mssBLUP,TNB,0.1,5,1,0.1403851818067704,1.2485884804361795
mssBLUP,TNB,0.1,5,2,0.15747371330702922,1.15364824513079
mssBLUP,TNB,0.1,5,3,0.16112943703964816,1.1787862927388006
mssBLUP,TNB,0.1,5,4,0.09768928682401662,0.6713794569682083
mssBLUP,TNB,0.1,5,5,0.10598034176353562,0.8174564717388697
mssBLUP,TNB,0.1,6,1,0.11232824929557672,0.7810466737216143
mssBLUP,TNB,0.1,6,2,0.09320002481765804,0.6622038922360751
mssBLUP,TNB,0.1,6,3,0.09714257198239012,0.7337128082147236
mssBLUP,TNB,0.1,6,4,0.12001068681182955,1.023011064191272
mssBLUP,TNB,0.1,6,5,0.06974866120659115,0.45568045217139047
mssBLUP,TNB,0.1,7,1,0.12734518366127356,0.9878572870638874
mssBLUP,TNB,0.1,7,2,0.1263680684051514,0.908536378220434
mssBLUP,TNB,0.1,7,3,0.14486070581267785,1.0983791870607151
mssBLUP,TNB,0.1,7,4,0.07030273792636027,0.46141098741499587
mssBLUP,TNB,0.1,7,5,0.08843526076965653,0.7081322217059102
mssBLUP,TNB,0.1,8,1,0.07407473727344464,0.4362141680657892
mssBLUP,TNB,0.1,8,2,0.20790990013517244,1.920275700103769
mssBLUP,TNB,0.1,8,3,0.09860098289623596,0.7175091102583184
mssBLUP,TNB,0.1,8,4,0.16593888898306094,1.4822250827732797
mssBLUP,TNB,0.1,8,5,0.18448953318159728,1.7791175913130517
mssBLUP,TNB,0.1,9,1,0.08489421383034002,0.48241999520703704
mssBLUP,TNB,0.1,9,2,0.225344218802353,2.1846027425673475
mssBLUP,TNB,0.1,9,3,0.1731389454670443,2.0463814630259156
mssBLUP,TNB,0.1,9,4,0.08335154176697483,0.5209876847356895
mssBLUP,TNB,0.1,9,5,0.1495773258135951,1.08480830223794
mssBLUP,TNB,0.1,10,1,0.16179468732794491,1.3341990020620926
mssBLUP,TNB,0.1,10,2,0.07707326738017903,0.5521321721230197
mssBLUP,TNB,0.1,10,3,0.12670580507788576,0.9592387121012572
mssBLUP,TNB,0.1,10,4,0.1503117889013912,1.1467861183820809
mssBLUP,TNB,0.1,10,5,0.09130247163219288,0.630430350690906
GBLUP,AGE,NA,1,1,0.22393650145287716,0.7652713101075125
GBLUP,AGE,NA,1,2,0.2513851377813635,0.9824419833401095
GBLUP,AGE,NA,1,3,0.2135354187362685,0.7971318131735681
GBLUP,AGE,NA,1,4,0.27893316526533346,1.2547451613955474
GBLUP,AGE,NA,1,5,0.33876659864507946,1.4248463943442176
GBLUP,AGE,NA,2,1,0.19487500334383268,0.7605224990683073
GBLUP,AGE,NA,2,2,0.28143724474557436,1.1526287427127722
GBLUP,AGE,NA,2,3,0.2304402284547394,0.7439887515372187
GBLUP,AGE,NA,2,4,0.22104845488706237,0.8694792804840055
GBLUP,AGE,NA,2,5,0.2822368014296262,1.247122589344429
GBLUP,AGE,NA,3,1,0.21294866301271104,0.7164496950430072
GBLUP,AGE,NA,3,2,0.2772025788194112,1.1442161897314642
GBLUP,AGE,NA,3,3,0.28148105977759963,1.1780481083257275
GBLUP,AGE,NA,3,4,0.30820390395091746,1.278888130628144
GBLUP,AGE,NA,3,5,0.23829293938712137,0.9525494556542576
GBLUP,AGE,NA,4,1,0.24001410610071006,1.0060506869658634
GBLUP,AGE,NA,4,2,0.26811221997013746,1.117180526798973
GBLUP,AGE,NA,4,3,0.22153699440075686,0.7605475478923044
GBLUP,AGE,NA,4,4,0.2894264879337035,1.1240890245800796
GBLUP,AGE,NA,4,5,0.15297526100051287,0.5855389032020196
GBLUP,AGE,NA,5,1,0.29522672197371974,1.0935550526838003
GBLUP,AGE,NA,5,2,0.18398182675393993,0.7782846682200485
GBLUP,AGE,NA,5,3,0.19528232179427107,0.6764315763222079
GBLUP,AGE,NA,5,4,0.2381281180701041,1.048766084917192
GBLUP,AGE,NA,5,5,0.285679563153915,1.127521737747544
GBLUP,AGE,NA,6,1,0.2980175835464844,1.1634299295043329
GBLUP,AGE,NA,6,2,0.18360498977567044,0.7856350541290585
GBLUP,AGE,NA,6,3,0.33361456080384044,1.486750346775944
GBLUP,AGE,NA,6,4,0.22568999471397969,0.7967438185443251
GBLUP,AGE,NA,6,5,0.23283748370708174,0.877007132985982
GBLUP,AGE,NA,7,1,0.3033578753261746,1.541079006070083
GBLUP,AGE,NA,7,2,0.2014962612280875,0.7049406465278701
GBLUP,AGE,NA,7,3,0.20140526984703513,0.7211571225666752
GBLUP,AGE,NA,7,4,0.2509860916961613,0.8614088119835539
GBLUP,AGE,NA,7,5,0.22600915469945995,1.0349534295697491
GBLUP,AGE,NA,8,1,0.20708476886275087,0.7445439183666109
GBLUP,AGE,NA,8,2,0.23030889414571265,0.9217280205405671
GBLUP,AGE,NA,8,3,0.2877213148693191,1.2250762968837872
GBLUP,AGE,NA,8,4,0.19952814416588133,0.6816911713935948
GBLUP,AGE,NA,8,5,0.31440582036229,1.5463252276967767
GBLUP,AGE,NA,9,1,0.26981954882925235,1.0771347160940155
GBLUP,AGE,NA,9,2,0.3101129220994043,1.3307159627025764
GBLUP,AGE,NA,9,3,0.2876767307851897,1.0061529627563734
GBLUP,AGE,NA,9,4,0.13932355712462674,0.5862576395691814
GBLUP,AGE,NA,9,5,0.2761673252446996,1.1569406686370152
GBLUP,AGE,NA,10,1,0.25512056312141096,1.017259816151261
GBLUP,AGE,NA,10,2,0.24899023369225745,0.94009032744157806
GBLUP,AGE,NA,10,3,0.1585859056012049,0.5489160023550628
GBLUP,AGE,NA,10,4,0.25559437952210895,1.0123649739406186
GBLUP,AGE,NA,10,5,0.25904016541083263,1.2220880725043362
GBLUP,BF,NA,1,1,0.3330636226620507,1.0151289529908862
GBLUP,BF,NA,1,2,0.30446520409366506,0.8898316924582643
GBLUP,BF,NA,1,3,0.30380856927005434,0.8937263857975158
GBLUP,BF,NA,1,4,0.3828057504928988,1.257208471439918
GBLUP,BF,NA,1,5,0.2949642455872642,0.8964836905585609
GBLUP,BF,NA,2,1,0.31161694244246413,0.9197238090662285
GBLUP,BF,NA,2,2,0.3339512956005385,1.0676501291104266
GBLUP,BF,NA,2,3,0.2861673381336885,0.6819410040089595
GBLUP,BF,NA,2,4,0.3778507554372194,1.2526114856365131
GBLUP,BF,NA,2,5,0.3901400219289495,1.2849786036991573
GBLUP,BF,NA,3,1,0.3073559678294562,0.8996672526181074
GBLUP,BF,NA,3,2,0.2974995479926435,0.8687909551106932
GBLUP,BF,NA,3,3,0.41776594158330405,1.5083923050732828
GBLUP,BF,NA,3,4,0.2984302917183538,0.8340926152332425
GBLUP,BF,NA,3,5,0.3300089194942827,1.030368717311365
GBLUP,BF,NA,4,1,0.281627031558094,0.8135756896340677
GBLUP,BF,NA,4,2,0.3723710524477597,1.2285140609609526
GBLUP,BF,NA,4,3,0.2969265070573572,0.8708569536829748
GBLUP,BF,NA,4,4,0.3952503381861578,1.3546617727194594
GBLUP,BF,NA,4,5,0.30312421020168423,0.8410898402665367
GBLUP,BF,NA,5,1,0.3282601853353784,0.9966516670306889
GBLUP,BF,NA,5,2,0.2793682854083776,0.7598205245188034
GBLUP,BF,NA,5,3,0.3262836250875039,1.0002369937092916
GBLUP,BF,NA,5,4,0.375179528937048,1.2110835209658568
GBLUP,BF,NA,5,5,0.3212224875085702,0.8991180429291009
GBLUP,BF,NA,6,1,0.38087445163081796,1.2297848964481626
GBLUP,BF,NA,6,2,0.36620748236001854,1.2508330362079603
GBLUP,BF,NA,6,3,0.30657639043819157,0.8306193159170382
GBLUP,BF,NA,6,4,0.3416998090578452,1.027941385948489
GBLUP,BF,NA,6,5,0.2501513233647676,0.7194826193382139
GBLUP,BF,NA,7,1,0.34126762397791255,1.0436399873916693
GBLUP,BF,NA,7,2,0.327153128623073,1.0571256340761295
GBLUP,BF,NA,7,3,0.31170707609337683,0.9288665803283388
GBLUP,BF,NA,7,4,0.2601214014789773,0.7008746955793161
GBLUP,BF,NA,7,5,0.3165963601900743,0.9210826942741813
GBLUP,BF,NA,8,1,0.2995177924392274,0.8055190485732606
GBLUP,BF,NA,8,2,0.30221842787538583,0.9377381070070258
GBLUP,BF,NA,8,3,0.2954801493848575,0.9578906149514184
GBLUP,BF,NA,8,4,0.303731930764916,0.8890229224658776
GBLUP,BF,NA,8,5,0.3600217131508318,1.1280349830598428
GBLUP,BF,NA,9,1,0.30201291295912347,0.8039874336700678
GBLUP,BF,NA,9,2,0.2694528907293206,0.7939433860694648
GBLUP,BF,NA,9,3,0.31127228433834275,0.9052330354181062
GBLUP,BF,NA,9,4,0.3248408986422432,1.0881422374299003
GBLUP,BF,NA,9,5,0.3990286941831521,1.4078033240601184
GBLUP,BF,NA,10,1,0.33764140093079437,1.0633823896908314
GBLUP,BF,NA,10,2,0.2422415688892683,0.7318847415841948
GBLUP,BF,NA,10,3,0.38928384505478675,1.2242632228129164
GBLUP,BF,NA,10,4,0.2571181115759323,0.6466947345789241
GBLUP,BF,NA,10,5,0.36372453396724214,1.1578323190281496
GBLUP,TNB,NA,1,1,0.04587707674535174,0.3026837744439111
GBLUP,TNB,NA,1,2,0.16543378823580826,1.475567037382556
GBLUP,TNB,NA,1,3,0.09144349167542112,0.5493429087533619
GBLUP,TNB,NA,1,4,0.08740541375425763,0.5672032491483694
GBLUP,TNB,NA,1,5,0.22003700560367961,2.3319845273844657
GBLUP,TNB,NA,2,1,0.08823757686496952,0.6319298193888335
GBLUP,TNB,NA,2,2,0.15924715891061428,1.1716309444502508
GBLUP,TNB,NA,2,3,0.22363435969254616,2.0827926442950915
GBLUP,TNB,NA,2,4,0.02378871959156077,0.1514135360322938
GBLUP,TNB,NA,2,5,0.2694266710841823,2.997176576165931
GBLUP,TNB,NA,3,1,0.18639839865821106,1.9855052495451926
GBLUP,TNB,NA,3,2,0.01690823318548206,0.09260719390863456
GBLUP,TNB,NA,3,3,0.13868805720287355,1.1780616819519172
GBLUP,TNB,NA,3,4,0.096297718878482,0.6226643735851084
GBLUP,TNB,NA,3,5,0.22924875256970484,2.404260117535015
GBLUP,TNB,NA,4,1,0.08270335794759139,0.5560087591140623
GBLUP,TNB,NA,4,2,0.07782032629484259,0.46172265335260343
GBLUP,TNB,NA,4,3,0.08540102811077023,0.6235761152098541
GBLUP,TNB,NA,4,4,0.2247239326257735,2.603678611179736
GBLUP,TNB,NA,4,5,0.17803406248797182,1.60093580105947
GBLUP,TNB,NA,5,1,0.14274499504982804,1.298000236181309
GBLUP,TNB,NA,5,2,0.15748473042421074,1.1511794963885646
GBLUP,TNB,NA,5,3,0.16241732687670923,1.1980161597039278
GBLUP,TNB,NA,5,4,0.0956770829902204,0.6528890934337792
GBLUP,TNB,NA,5,5,0.11081922382661226,0.8673275427974805
GBLUP,TNB,NA,6,1,0.11167681080542953,0.7753516254484731
GBLUP,TNB,NA,6,2,0.09248052889182225,0.6606035572013385
GBLUP,TNB,NA,6,3,0.09191681882997975,0.6888479046537124
GBLUP,TNB,NA,6,4,0.11814787610818304,1.0056477051919361
GBLUP,TNB,NA,6,5,0.07145158089004042,0.47039401785632035
GBLUP,TNB,NA,7,1,0.12797391963722748,0.9982356614845409
GBLUP,TNB,NA,7,2,0.12330468201216457,0.8922404458868293
GBLUP,TNB,NA,7,3,0.1442557900897749,1.088816694473676
GBLUP,TNB,NA,7,4,0.07080837358696455,0.47089604420252
GBLUP,TNB,NA,7,5,0.09032145920356309,0.7230255724955964
GBLUP,TNB,NA,8,1,0.07168593481637127,0.4229850874958114
GBLUP,TNB,NA,8,2,0.20757716176997215,1.920074216229067
GBLUP,TNB,NA,8,3,0.1021847025437336,0.7510307304543847
GBLUP,TNB,NA,8,4,0.16520377905498487,1.4824422021362647
GBLUP,TNB,NA,8,5,0.18080642562015847,1.735571780394933
GBLUP,TNB,NA,9,1,0.08436489297411492,0.4834056536796982
GBLUP,TNB,NA,9,2,0.22164936298469518,2.127303045982568
GBLUP,TNB,NA,9,3,0.17196747524258726,2.0157011092060237
GBLUP,TNB,NA,9,4,0.08674522213176693,0.5487253728336632
GBLUP,TNB,NA,9,5,0.14967184905524974,1.0888418938998514
GBLUP,TNB,NA,10,1,0.1577686750860219,1.2833081746412036
GBLUP,TNB,NA,10,2,0.07442504128274195,0.5316664252845679
GBLUP,TNB,NA,10,3,0.12461876275957068,0.9390251397632126
GBLUP,TNB,NA,10,4,0.15041695361299323,1.1545845156888364
GBLUP,TNB,NA,10,5,0.09762132557215424,0.6897819375205028
GDBLUP,AGE,NA,1,1,0.19154260404301812,0.586025134277192
GDBLUP,AGE,NA,1,2,0.2846113942579368,1.0682746445610911
GDBLUP,AGE,NA,1,3,0.2196275592590163,0.7643122156853085
GDBLUP,AGE,NA,1,4,0.2996040396827827,1.2648565155667364
GDBLUP,AGE,NA,1,5,0.32740860546137274,1.149057903292974
GDBLUP,AGE,NA,2,1,0.20629498760069664,0.732772373535666
GDBLUP,AGE,NA,2,2,0.24183828904500543,0.8777249372159811
GDBLUP,AGE,NA,2,3,0.26126969901906577,0.8334983360712755
GDBLUP,AGE,NA,2,4,0.24561164452535797,0.869522419953627
GDBLUP,AGE,NA,2,5,0.3001441947564391,1.1944958851986016
GDBLUP,AGE,NA,3,1,0.2429469295425506,0.7397458915159394
GDBLUP,AGE,NA,3,2,0.3092645998482263,1.2342647771705095
GDBLUP,AGE,NA,3,3,0.2846812371827426,1.0518393845522065
GDBLUP,AGE,NA,3,4,0.3030509213867384,1.152724078676739
GDBLUP,AGE,NA,3,5,0.24588519042653095,0.9237185677329997
GDBLUP,AGE,NA,4,1,0.27283860183076997,1.1005394450778545
GDBLUP,AGE,NA,4,2,0.2976177329717154,1.1473564635731603
GDBLUP,AGE,NA,4,3,0.2384540607024356,0.7944265588816702
GDBLUP,AGE,NA,4,4,0.2850882002974861,1.0125476342687236
GDBLUP,AGE,NA,4,5,0.17569474502221977,0.6046706301910152
GDBLUP,AGE,NA,5,1,0.32421945556150095,1.1620865560662093
GDBLUP,AGE,NA,5,2,0.21078375974057673,0.8632270268908414
GDBLUP,AGE,NA,5,3,0.17272921375404116,0.5357655811390651
GDBLUP,AGE,NA,5,4,0.26555678770744023,1.1051000195088807
GDBLUP,AGE,NA,5,5,0.2961801556505495,1.029577308313056
GDBLUP,AGE,NA,6,1,0.30876873916411357,1.104665331988175
GDBLUP,AGE,NA,6,2,0.2129113505887687,0.8986986178226458
GDBLUP,AGE,NA,6,3,0.35275155994086416,1.4159828678908513
GDBLUP,AGE,NA,6,4,0.237884986843301,0.8382788436465919
GDBLUP,AGE,NA,6,5,0.23286236243317743,0.7760849614917439
GDBLUP,AGE,NA,7,1,0.33599722702792,1.536168671868372
GDBLUP,AGE,NA,7,2,0.22627324642110772,0.7445105825705187
GDBLUP,AGE,NA,7,3,0.2360325398515578,0.8003758997082496
GDBLUP,AGE,NA,7,4,0.2755033271090243,0.917275788784538
GDBLUP,AGE,NA,7,5,0.2046670610545819,0.8315349106504467
GDBLUP,AGE,NA,8,1,0.22907601285200752,0.7967618051184225
GDBLUP,AGE,NA,8,2,0.2580982398844585,0.9233847819111498
GDBLUP,AGE,NA,8,3,0.3134625358655058,1.2706146078262726
GDBLUP,AGE,NA,8,4,0.23681044511900773,0.7908171063407908
GDBLUP,AGE,NA,8,5,0.3157652323732104,1.3574172809893006
GDBLUP,AGE,NA,9,1,0.2698342331592309,0.9990645649707358
GDBLUP,AGE,NA,9,2,0.3483733890524395,1.440162423690659
GDBLUP,AGE,NA,9,3,0.3018932685032044,0.9291908617753682
GDBLUP,AGE,NA,9,4,0.1706876417720731,0.6919982779212949
GDBLUP,AGE,NA,9,5,0.28400320387638023,1.0339707486464322
GDBLUP,AGE,NA,10,1,0.2748538235106899,1.018486282007886
GDBLUP,AGE,NA,10,2,0.22173013535790215,0.7722473304600256
GDBLUP,AGE,NA,10,3,0.1778530541639427,0.5527155735095939
GDBLUP,AGE,NA,10,4,0.28481904781298,1.0489446611621849
GDBLUP,AGE,NA,10,5,0.29311043864127223,1.3224136419078922
GDBLUP,BF,NA,1,1,0.332912868733926,1.0138199091580993
GDBLUP,BF,NA,1,2,0.30446537818432395,0.8898333227505308
GDBLUP,BF,NA,1,3,0.3038040729752554,0.8937955992651249
GDBLUP,BF,NA,1,4,0.378548543742899,1.2460307274765636
GDBLUP,BF,NA,1,5,0.29496391449843856,0.8964867075660098
GDBLUP,BF,NA,2,1,0.31161694164096154,0.9197234279360578
GDBLUP,BF,NA,2,2,0.33395126985712004,1.0676494526326756
GDBLUP,BF,NA,2,3,0.2825475325695984,0.6743995294625134
GDBLUP,BF,NA,2,4,0.37785039828527395,1.2526041936405985
GDBLUP,BF,NA,2,5,0.3901397288530559,1.2849837060172988
GDBLUP,BF,NA,3,1,0.3049308298846484,0.8924999345975799
GDBLUP,BF,NA,3,2,0.2968713218781843,0.8665899910246068
GDBLUP,BF,NA,3,3,0.4177659448688108,1.5083922437593709
GDBLUP,BF,NA,3,4,0.2984302988691891,0.8340924951567371
GDBLUP,BF,NA,3,5,0.3300088957893595,1.0303683196275375
GDBLUP,BF,NA,4,1,0.2801399877787551,0.8109728178097857
GDBLUP,BF,NA,4,2,0.3606799127032462,1.1812482326116622
GDBLUP,BF,NA,4,3,0.2969265344686011,0.8708560231556806
GDBLUP,BF,NA,4,4,0.395250360996657,1.3546639183069318
GDBLUP,BF,NA,4,5,0.3024177843638866,0.8388199971635444
GDBLUP,BF,NA,5,1,0.3285790160806987,0.9976716078899146
GDBLUP,BF,NA,5,2,0.2793682637287124,0.7598200884496676
GDBLUP,BF,NA,5,3,0.3240919062792775,0.9876408541039794
GDBLUP,BF,NA,5,4,0.3751795622717612,1.211085463079231
GDBLUP,BF,NA,5,5,0.32122244985127374,0.8991182289692902
GDBLUP,BF,NA,6,1,0.3805548728806617,1.2285845158817057
GDBLUP,BF,NA,6,2,0.3662735015237814,1.248737764500333
GDBLUP,BF,NA,6,3,0.30657652395583557,0.8305366400199345
GDBLUP,BF,NA,6,4,0.3416997900096534,1.0279405377709034
GDBLUP,BF,NA,6,5,0.23114058458209943,0.6606807159144635
GDBLUP,BF,NA,7,1,0.3403841761253135,1.040378399179279
GDBLUP,BF,NA,7,2,0.32715319890237665,1.0571218638238074
GDBLUP,BF,NA,7,3,0.31170703717617376,0.9288656676469488
GDBLUP,BF,NA,7,4,0.25837005365869836,0.6964312925939111
GDBLUP,BF,NA,7,5,0.3162841492214503,0.922133842084542
GDBLUP,BF,NA,8,1,0.2986278520935068,0.8039583584852621
GDBLUP,BF,NA,8,2,0.29532440460213516,0.9175279294736884
GDBLUP,BF,NA,8,3,0.295480146038826,0.9578905250127228
GDBLUP,BF,NA,8,4,0.30373183719338503,0.8890218123559088
GDBLUP,BF,NA,8,5,0.36002164967402533,1.1280360625533896
GDBLUP,BF,NA,9,1,0.3020129188642213,0.8039875060556758
GDBLUP,BF,NA,9,2,0.26945270574070385,0.7939412910720728
GDBLUP,BF,NA,9,3,0.31107889965365265,0.9046807488088568
GDBLUP,BF,NA,9,4,0.32484092303959733,1.0881414531267284
GDBLUP,BF,NA,9,5,0.3985581579663309,1.401477046925978
GDBLUP,BF,NA,10,1,0.33764077022461514,1.06339521811058
GDBLUP,BF,NA,10,2,0.24224152045183744,0.7318840557118425
GDBLUP,BF,NA,10,3,0.3885336446944691,1.2240736208684426
GDBLUP,BF,NA,10,4,0.25310580676947947,0.6328253992415283
GDBLUP,BF,NA,10,5,0.3637245012516181,1.157831477837676
GDBLUP,TNB,NA,1,1,0.0536863668261879,0.2984417801803734
GDBLUP,TNB,NA,1,2,0.1860593169513336,1.3670993336897734
GDBLUP,TNB,NA,1,3,0.10377704520614876,0.5646622466932277
GDBLUP,TNB,NA,1,4,0.08743317048042257,0.48421623678705306
GDBLUP,TNB,NA,1,5,0.24179731943137717,2.1189583956165134
GDBLUP,TNB,NA,2,1,0.05570015768780433,0.2623156708746499
GDBLUP,TNB,NA,2,2,0.18095496095571123,1.251779596431627
GDBLUP,TNB,NA,2,3,0.23937869869025377,1.9879284534070536
GDBLUP,TNB,NA,2,4,-0.01302503531524344,-0.06469225211602679
GDBLUP,TNB,NA,2,5,0.2802466229466085,2.6605751388598855
GDBLUP,TNB,NA,3,1,0.22237933214511169,2.2763620217102267
GDBLUP,TNB,NA,3,2,0.04378469722579768,0.22266246283853147
GDBLUP,TNB,NA,3,3,0.11310233949763984,0.6953368226493029
GDBLUP,TNB,NA,3,4,0.1150746671496556,0.6324558150163146
GDBLUP,TNB,NA,3,5,0.2292407808250455,1.915421197813036
GDBLUP,TNB,NA,4,1,0.02739035793633878,0.13989426162994936
GDBLUP,TNB,NA,4,2,0.10715805183546775,0.6107600683759851
GDBLUP,TNB,NA,4,3,0.1008201819000673,0.6241614640879023
GDBLUP,TNB,NA,4,4,0.2699137560111519,2.9481881691398626
GDBLUP,TNB,NA,4,5,0.1839972866166552,1.288649064010292
GDBLUP,TNB,NA,5,1,0.18652336890683432,1.4674342098025153
GDBLUP,TNB,NA,5,2,0.1838004167056649,1.2261853390649728
GDBLUP,TNB,NA,5,3,0.1518413491195573,0.9301242597655992
GDBLUP,TNB,NA,5,4,0.06642825631080836,0.3801073129831359
GDBLUP,TNB,NA,5,5,0.14389607520010253,1.0532686320942126
GDBLUP,TNB,NA,6,1,0.13905772772886152,0.969247253501614
GDBLUP,TNB,NA,6,2,0.09058144614001092,0.4694828504215557
GDBLUP,TNB,NA,6,3,0.11885507564318126,0.7897995366432304
GDBLUP,TNB,NA,6,4,0.13570525949194934,0.8591801064618613
GDBLUP,TNB,NA,6,5,0.099854152164251,0.6256135639383074
GDBLUP,TNB,NA,7,1,0.13604451282885296,0.9900643636658724
GDBLUP,TNB,NA,7,2,0.13486243361940412,0.8538676691475875
GDBLUP,TNB,NA,7,3,0.15714215039056517,0.9182748684182224
GDBLUP,TNB,NA,7,4,0.0713327961922999,0.38558579425067
GDBLUP,TNB,NA,7,5,0.12653469235155815,0.9528192508474468
GDBLUP,TNB,NA,8,1,0.0974776548796164,0.562500421559534
GDBLUP,TNB,NA,8,2,0.22999937265394688,1.8370795710528625
GDBLUP,TNB,NA,8,3,0.12483326113974348,0.7788346513894845
GDBLUP,TNB,NA,8,4,0.18692481152802096,1.4130217920298735
GDBLUP,TNB,NA,8,5,0.19468726479044943,1.4340862200059794
GDBLUP,TNB,NA,9,1,0.098079015903553,0.5367147748857811
GDBLUP,TNB,NA,9,2,0.24364421645410397,1.9731426255441729
GDBLUP,TNB,NA,9,3,0.15868971451947506,1.1967007115555544
GDBLUP,TNB,NA,9,4,0.0934716731827334,0.5260554252979034
GDBLUP,TNB,NA,9,5,0.17725280735264518,1.180734849044914
GDBLUP,TNB,NA,10,1,0.20302364820036467,1.6477361869764402
GDBLUP,TNB,NA,10,2,0.10727974913431296,0.6631271583481877
GDBLUP,TNB,NA,10,3,0.1531593995581836,0.8982566814015023
GDBLUP,TNB,NA,10,4,0.17585308782022102,1.2359019126645556
GDBLUP,TNB,NA,10,5,0.09888978838674922,0.5921399317716756
